"currentPage value must be greater than 0.","currentPage value must be greater than 0."
"pageSize value must be greater than 0.","pageSize value must be greater than 0."
"currentPage value %1 specified is greater than the %2 page(s) available.","currentPage value %1 specified is greater than the %2 page(s) available."
"Membership is disabled.","Membership is disabled."
"Required parameter ""cart_id"" is missing","Required parameter ""cart_id"" is missing"
"Required parameter ""membership_input"" is missing","Required parameter ""membership_input"" is missing"
"Could not find a product with SKU ""%sku""","Could not find a product with SKU ""%sku"""
"Could not add the product with SKU %sku to the shopping cart: %message","Could not add the product with SKU %sku to the shopping cart: %message"
"Shopping cart error: %message","Shopping cart error: %message"
"""model"" value should be specified","""model"" value should be specified"
"The current customer isn't authorized.","The current customer isn't authorized."
